{
  "left_mean": {
    "AfD": 0.3387793684364021,
    "CDU/CSU": 0.2948144340048313,
    "FDP": 0.3363042904367795,
    "SPD": 0.37843767738030526,
    "Grüne": 0.31188604494466543,
    "Die Linke": 0.4099411733296828
  },
  "left_median": {
    "AfD": 0.31190748295782494,
    "CDU/CSU": 0.22426395282838868,
    "FDP": 0.27950143615304845,
    "SPD": 0.2993725526793839,
    "Grüne": 0.20593584737676446,
    "Die Linke": 0.38475847737858815
  },
  "left_stddev": {
    "AfD": 0.16294341562698192,
    "CDU/CSU": 0.21696358639202973,
    "FDP": 0.18321863966791876,
    "SPD": 0.24166925409667853,
    "Grüne": 0.24716053125735388,
    "Die Linke": 0.2475163340200505
  },
  "max_domain_max_left": {
    "AfD": {
      "Freedom and Democracy": 9,
      "External Relations": 6,
      "Political System": 3,
      "Welfare and Quality of Life": 53,
      "Economy": 13,
      "Fabric of Society": 1
    },
    "CDU/CSU": {
      "Political System": 4,
      "Economy": 12,
      "Welfare and Quality of Life": 18,
      "External Relations": 8,
      "Fabric of Society": 1,
      "Freedom and Democracy": 0
    },
    "FDP": {
      "Welfare and Quality of Life": 88,
      "Economy": 41,
      "External Relations": 22,
      "Political System": 12,
      "Freedom and Democracy": 6,
      "Fabric of Society": 0
    },
    "SPD": {
      "Welfare and Quality of Life": 49,
      "Economy": 11,
      "Freedom and Democracy": 3,
      "Political System": 1,
      "External Relations": 13,
      "Fabric of Society": 0
    },
    "Grüne": {
      "Welfare and Quality of Life": 52,
      "Economy": 18,
      "External Relations": 12,
      "Freedom and Democracy": 3,
      "Fabric of Society": 2,
      "Political System": 2
    },
    "Die Linke": {
      "Welfare and Quality of Life": 57,
      "Economy": 13,
      "Freedom and Democracy": 7,
      "Political System": 2,
      "Fabric of Society": 2,
      "External Relations": 10
    }
  },
  "max_domain_left": {
    "AfD": {
      "External Relations": 0.3961716917275318,
      "Freedom and Democracy": 0.3520411581258011,
      "Political System": 0.31425533142431855,
      "Economy": 0.3417953088977682,
      "Welfare and Quality of Life": 0.35765685059380053,
      "Fabric of Society": 0.18393202672707135
    },
    "CDU/CSU": {
      "External Relations": 0.4006925961006831,
      "Freedom and Democracy": 0.27821920992446536,
      "Political System": 0.1974491422949147,
      "Economy": 0.22221917261871962,
      "Welfare and Quality of Life": 0.3993049837144542,
      "Fabric of Society": 0.14098389149962198
    },
    "FDP": {
      "External Relations": 0.36643490211482077,
      "Freedom and Democracy": 0.2458627114341853,
      "Political System": 0.264127725232905,
      "Economy": 0.3092776301201657,
      "Welfare and Quality of Life": 0.39503344230322,
      "Fabric of Society": 0.20319471667631964
    },
    "SPD": {
      "External Relations": 0.48813760311446724,
      "Freedom and Democracy": 0.47107200630655566,
      "Political System": 0.12185344930787653,
      "Economy": 0.3493591087691281,
      "Welfare and Quality of Life": 0.4001894802162295,
      "Fabric of Society": 0.1656177528569878
    },
    "Grüne": {
      "External Relations": 0.5411562141729581,
      "Freedom and Democracy": 0.28409348178317895,
      "Political System": 0.13824037229841468,
      "Economy": 0.36648589008273574,
      "Welfare and Quality of Life": 0.2909927327787485,
      "Fabric of Society": 0.17836677165225512
    },
    "Die Linke": {
      "External Relations": 0.5758951991141388,
      "Freedom and Democracy": 0.4320884074649261,
      "Political System": 0.26521880021910876,
      "Economy": 0.5202360102724447,
      "Welfare and Quality of Life": 0.37534911789413017,
      "Fabric of Society": 0.2575951932986484
    }
  },
  "right_mean": {
    "AfD": 0.23550257673145752,
    "CDU/CSU": 0.25199073985269294,
    "FDP": 0.23560553335828655,
    "SPD": 0.1731945517187169,
    "Grüne": 0.19108260089823156,
    "Die Linke": 0.13033251886061897
  },
  "right_median": {
    "AfD": 0.19333936174272728,
    "CDU/CSU": 0.14814299527306302,
    "FDP": 0.17892465130046287,
    "SPD": 0.09560483994723445,
    "Grüne": 0.09564751249588363,
    "Die Linke": 0.06871380784460421
  },
  "right_stddev": {
    "AfD": 0.1506354295299132,
    "CDU/CSU": 0.22095513348895215,
    "FDP": 0.177791684651834,
    "SPD": 0.17454748207303586,
    "Grüne": 0.20032938074919043,
    "Die Linke": 0.15826550051528304
  },
  "max_domain_max_right": {
    "AfD": {
      "Political System": 2,
      "Freedom and Democracy": 11,
      "Fabric of Society": 11,
      "Welfare and Quality of Life": 11,
      "Economy": 3,
      "External Relations": 2
    },
    "CDU/CSU": {
      "Political System": 4,
      "External Relations": 3,
      "Economy": 5,
      "Fabric of Society": 9,
      "Welfare and Quality of Life": 5,
      "Freedom and Democracy": 1
    },
    "FDP": {
      "Welfare and Quality of Life": 22,
      "Political System": 6,
      "Economy": 20,
      "Freedom and Democracy": 34,
      "Fabric of Society": 6,
      "External Relations": 8
    },
    "SPD": {
      "Welfare and Quality of Life": 8,
      "Fabric of Society": 11,
      "Economy": 6,
      "Freedom and Democracy": 2,
      "Political System": 1,
      "External Relations": 2
    },
    "Grüne": {
      "Political System": 4,
      "Welfare and Quality of Life": 10,
      "Economy": 3,
      "External Relations": 2,
      "Freedom and Democracy": 12,
      "Fabric of Society": 10
    },
    "Die Linke": {
      "Welfare and Quality of Life": 11,
      "Fabric of Society": 3,
      "Freedom and Democracy": 7,
      "External Relations": 0,
      "Political System": 0,
      "Economy": 0
    }
  },
  "max_domain_right": {
    "AfD": {
      "External Relations": 0.20399886243713472,
      "Freedom and Democracy": 0.35516085347208626,
      "Political System": 0.22639560606227568,
      "Economy": 0.21914645468767777,
      "Welfare and Quality of Life": 0.16903203945859202,
      "Fabric of Society": 0.4371868576524404
    },
    "CDU/CSU": {
      "External Relations": 0.24446337525524006,
      "Freedom and Democracy": 0.4352225680817695,
      "Political System": 0.46325034051129793,
      "Economy": 0.17640804704056534,
      "Welfare and Quality of Life": 0.1257584255099645,
      "Fabric of Society": 0.4917648783289919
    },
    "FDP": {
      "External Relations": 0.19109090231478418,
      "Freedom and Democracy": 0.49826311011029467,
      "Political System": 0.2582620561140263,
      "Economy": 0.21979333279542929,
      "Welfare and Quality of Life": 0.14697310641538383,
      "Fabric of Society": 0.4248438083041228
    },
    "SPD": {
      "External Relations": 0.14295762360787098,
      "Freedom and Democracy": 0.2750890621518093,
      "Political System": 0.1405955837627873,
      "Economy": 0.18649700271240813,
      "Welfare and Quality of Life": 0.10683420987357348,
      "Fabric of Society": 0.4973470175086732
    },
    "Grüne": {
      "External Relations": 0.1379559069712195,
      "Freedom and Democracy": 0.4699146619709608,
      "Political System": 0.4163019150023896,
      "Economy": 0.11333762696323815,
      "Welfare and Quality of Life": 0.08954599634686947,
      "Fabric of Society": 0.4525735049883652
    },
    "Die Linke": {
      "External Relations": 0.11159391655265519,
      "Freedom and Democracy": 0.3279406080965355,
      "Political System": 0.06880327623332008,
      "Economy": 0.08318464097441117,
      "Welfare and Quality of Life": 0.08118563128470556,
      "Fabric of Society": 0.43010092420346197
    }
  },
  "rile_mean": {
    "AfD": -0.10327679170494458,
    "CDU/CSU": -0.04282369415213838,
    "FDP": -0.10069875707849296,
    "SPD": -0.20524312566158837,
    "Grüne": -0.12080344404643387,
    "Die Linke": -0.2796086544690638
  },
  "rile_median": {
    "AfD": -0.10327679170494458,
    "CDU/CSU": -0.04282369415213838,